User Name,Repository Name,Repository Url,Stars
mrdoob,three.js,http://github.com/mrdoob/three.js,89700
pmndrs,react-three-fiber,http://github.com/pmndrs/react-three-fiber,21700
libgdx,libgdx,http://github.com/libgdx/libgdx,21200
BabylonJS,Babylon.js,http://github.com/BabylonJS/Babylon.js,19500
ssloy,tinyrenderer,http://github.com/ssloy/tinyrenderer,16300
aframevr,aframe,http://github.com/aframevr/aframe,15100
lettier,3d-game-shaders-for-beginners,http://github.com/lettier/3d-game-shaders-for-beginners,14700
FreeCAD,FreeCAD,http://github.com/FreeCAD/FreeCAD,13400
CesiumGS,cesium,http://github.com/CesiumGS/cesium,10000
metafizzy,zdog,http://github.com/metafizzy/zdog,9600
timzhang642,3D-Machine-Learning,http://github.com/timzhang642/3D-Machine-Learning,8700
isl-org,Open3D,http://github.com/isl-org/Open3D,8200
blender,blender,http://github.com/blender/blender,7900
a1studmuffin,SpaceshipGenerator,http://github.com/a1studmuffin/SpaceshipGenerator,7400
domlysz,BlenderGIS,http://github.com/domlysz/BlenderGIS,6100
FyroxEngine,Fyrox,http://github.com/FyroxEngine/Fyrox,6000
openscad,openscad,http://github.com/openscad/openscad,5400
google,model-viewer,http://github.com/google/model-viewer,5400
spritejs,spritejs,http://github.com/spritejs/spritejs,5100
jagenjo,webglstudio.js,http://github.com/jagenjo/webglstudio.js,4900
