User Name,Repository Name,Repository Url,Stars
ljianshu,Blog,http://github.com/ljianshu/Blog,7500
metafizzy,infinite-scroll,http://github.com/metafizzy/infinite-scroll,7200
developit,unfetch,http://github.com/developit/unfetch,5500
olifolkerd,tabulator,http://github.com/olifolkerd/tabulator,5300
jquery-form,form,http://github.com/jquery-form/form,5200
Studio-42,elFinder,http://github.com/Studio-42/elFinder,4400
elbywan,wretch,http://github.com/elbywan/wretch,3800
dwyl,learn-to-send-email-via-google-script-html-no-server,http://github.com/dwyl/learn-to-send-email-via-google-script-html-no-server,2900
ded,reqwest,http://github.com/ded/reqwest,2900
LeaVerou,bliss,http://github.com/LeaVerou/bliss,2400
wendux,ajax-hook,http://github.com/wendux/ajax-hook,2300
noelboss,featherlight,http://github.com/noelboss/featherlight,2100
craftpip,jquery-confirm,http://github.com/craftpip/jquery-confirm,1800
ptaoussanis,sente,http://github.com/ptaoussanis/sente,1700
nette,tracy,http://github.com/nette/tracy,1600
joaomilho,Enterprise,http://github.com/joaomilho/Enterprise,1600
loadingio,css-spinner,http://github.com/loadingio/css-spinner,1500
k8w,tsrpc,http://github.com/k8w/tsrpc,1400
u014427391,jeeplatform,http://github.com/u014427391/jeeplatform,1400
codingforentrepreneurs,eCommerce,http://github.com/codingforentrepreneurs/eCommerce,1400
