User Name,Repository Name,Repository Url,Stars
jwasham,coding-interview-university,http://github.com/jwasham/coding-interview-university,251000
trekhleb,javascript-algorithms,http://github.com/trekhleb/javascript-algorithms,165000
CyC2018,CS-Notes,http://github.com/CyC2018/CS-Notes,162000
TheAlgorithms,Python,http://github.com/TheAlgorithms/Python,155000
yangshun,tech-interview-handbook,http://github.com/yangshun/tech-interview-handbook,87200
kdn251,interviews,http://github.com/kdn251/interviews,59300
azl397985856,leetcode,http://github.com/azl397985856/leetcode,50700
TheAlgorithms,Java,http://github.com/TheAlgorithms/Java,50600
algorithm-visualizer,algorithm-visualizer,http://github.com/algorithm-visualizer/algorithm-visualizer,42400
youngyangyang04,leetcode-master,http://github.com/youngyangyang04/leetcode-master,36300
halfrost,LeetCode-Go,http://github.com/halfrost/LeetCode-Go,29300
huihut,interview,http://github.com/huihut/interview,27900
donnemartin,interactive-coding-challenges,http://github.com/donnemartin/interactive-coding-challenges,27000
crossoverJie,JCSprout,http://github.com/crossoverJie/JCSprout,27000
TheAlgorithms,JavaScript,http://github.com/TheAlgorithms/JavaScript,25700
TheAlgorithms,C-Plus-Plus,http://github.com/TheAlgorithms/C-Plus-Plus,23600
keon,algorithms,http://github.com/keon/algorithms,22300
trekhleb,homemade-machine-learning,http://github.com/trekhleb/homemade-machine-learning,21000
mxgmn,WaveFunctionCollapse,http://github.com/mxgmn/WaveFunctionCollapse,20800
AtsushiSakai,PythonRobotics,http://github.com/AtsushiSakai/PythonRobotics,17700
