User Name,Repository Name,Repository Url,Stars
localstack,localstack,http://github.com/localstack/localstack,46200
serverless,serverless,http://github.com/serverless/serverless,44400
bregman-arie,devops-exercises,http://github.com/bregman-arie/devops-exercises,41300
donnemartin,data-science-ipython-notebooks,http://github.com/donnemartin/data-science-ipython-notebooks,24800
pulumi,pulumi,http://github.com/pulumi/pulumi,15300
ramitsurana,awesome-kubernetes,http://github.com/ramitsurana/awesome-kubernetes,13700
kubernetes-sigs,kubespray,http://github.com/kubernetes-sigs/kubespray,13600
aws,aws-cli,http://github.com/aws/aws-cli,13500
serverless-stack,sst,http://github.com/serverless-stack/sst,12300
mozilla,sops,http://github.com/mozilla/sops,12200
donnemartin,awesome-aws,http://github.com/donnemartin/awesome-aws,11300
caprover,caprover,http://github.com/caprover/caprover,10100
apereo,cas,http://github.com/apereo/cas,10000
aws,aws-cdk,http://github.com/aws/aws-cdk,9900
GoogleCloudPlatform,terraformer,http://github.com/GoogleCloudPlatform/terraformer,9700
aws,chalice,http://github.com/aws/chalice,9600
aws-amplify,amplify-js,http://github.com/aws-amplify/amplify-js,9100
aws,serverless-application-model,http://github.com/aws/serverless-application-model,8900
google,go-cloud,http://github.com/google/go-cloud,8900
infracost,infracost,http://github.com/infracost/infracost,8800
