User Name,Repository Name,Repository Url,Stars
amphp,amp,http://github.com/amphp/amp,3900
danog,MadelineProto,http://github.com/danog/MadelineProto,2300
amphp,http-server,http://github.com/amphp/http-server,1200
unreal4u,telegram-api,http://github.com/unreal4u/telegram-api,751
amphp,parallel,http://github.com/amphp/parallel,651
amphp,http-client,http://github.com/amphp/http-client,648
php-service-bus,service-bus,http://github.com/php-service-bus/service-bus,337
amphp,byte-stream,http://github.com/amphp/byte-stream,325
amphp,mysql,http://github.com/amphp/mysql,304
amphp,parallel-functions,http://github.com/amphp/parallel-functions,240
amphp,process,http://github.com/amphp/process,211
amphp,socket,http://github.com/amphp/socket,190
amphp,redis,http://github.com/amphp/redis,136
amphp,sync,http://github.com/amphp/sync,134
amphp,dns,http://github.com/amphp/dns,132
kelunik,acme,http://github.com/kelunik/acme,117
amphp,websocket-client,http://github.com/amphp/websocket-client,116
amphp,serialization,http://github.com/amphp/serialization,96
PeeHaa,mailgrab,http://github.com/PeeHaa/mailgrab,92
amphp,websocket-server,http://github.com/amphp/websocket-server,91
