User Name,Repository Name,Repository Url,Stars
flutter,flutter,http://github.com/flutter/flutter,151000
facebook,react-native,http://github.com/facebook/react-native,108000
justjavac,free-programming-books-zh_CN,http://github.com/justjavac/free-programming-books-zh_CN,100000
Genymobile,scrcpy,http://github.com/Genymobile/scrcpy,77700
Hack-with-Github,Awesome-Hacking,http://github.com/Hack-with-Github/Awesome-Hacking,62400
google,material-design-icons,http://github.com/google/material-design-icons,47700
Solido,awesome-flutter,http://github.com/Solido/awesome-flutter,45700
wasabeef,awesome-android-ui,http://github.com/wasabeef/awesome-android-ui,45700
square,okhttp,http://github.com/square/okhttp,43700
android,architecture-samples,http://github.com/android/architecture-samples,42400
square,retrofit,http://github.com/square/retrofit,41300
dcloudio,uni-app,http://github.com/dcloudio/uni-app,37800
fastlane,fastlane,http://github.com/fastlane/fastlane,36700
PhilJay,MPAndroidChart,http://github.com/PhilJay/MPAndroidChart,36200
laurent22,joplin,http://github.com/laurent22/joplin,34900
airbnb,lottie-android,http://github.com/airbnb/lottie-android,33700
skylot,jadx,http://github.com/skylot/jadx,33600
shadowsocks,shadowsocks-android,http://github.com/shadowsocks/shadowsocks-android,33500
bumptech,glide,http://github.com/bumptech/glide,33400
xitu,gold-miner,http://github.com/xitu/gold-miner,32000
