User Name,Repository Name,Repository Url,Stars
justjavac,free-programming-books-zh_CN,http://github.com/justjavac/free-programming-books-zh_CN,100000
angular,angular,http://github.com/angular/angular,86800
storybookjs,storybook,http://github.com/storybookjs/storybook,77300
leonardomso,33-js-concepts,http://github.com/leonardomso/33-js-concepts,55400
ionic-team,ionic-framework,http://github.com/ionic-team/ionic-framework,48700
prettier,prettier,http://github.com/prettier/prettier,45000
Asabeneh,30-Days-Of-JavaScript,http://github.com/Asabeneh/30-Days-Of-JavaScript,34100
SheetJS,sheetjs,http://github.com/SheetJS/sheetjs,32400
angular,angular-cli,http://github.com/angular/angular-cli,26000
angular,components,http://github.com/angular/components,23400
NativeScript,NativeScript,http://github.com/NativeScript/NativeScript,22300
goldbergyoni,javascript-testing-best-practices,http://github.com/goldbergyoni/javascript-testing-best-practices,21000
jhipster,generator-jhipster,http://github.com/jhipster/generator-jhipster,20400
pubkey,rxdb,http://github.com/pubkey/rxdb,19000
nrwl,nx,http://github.com/nrwl/nx,16800
teambit,bit,http://github.com/teambit/bit,16400
sweetalert2,sweetalert2,http://github.com/sweetalert2/sweetalert2,15600
sudheerj,javascript-interview-questions,http://github.com/sudheerj/javascript-interview-questions,14700
wailsapp,wails,http://github.com/wailsapp/wails,14500
codesandbox,codesandbox-client,http://github.com/codesandbox/codesandbox-client,12200
