User Name,Repository Name,Repository Url,Stars
ansible,ansible,http://github.com/ansible/ansible,56600
bregman-arie,devops-exercises,http://github.com/bregman-arie/devops-exercises,41300
trailofbits,algo,http://github.com/trailofbits/algo,27000
StreisandEffect,streisand,http://github.com/StreisandEffect/streisand,22900
MichaelCade,90DaysOfDevOps,http://github.com/MichaelCade/90DaysOfDevOps,21800
kubernetes-sigs,kubespray,http://github.com/kubernetes-sigs/kubespray,13600
ansible,awx,http://github.com/ansible/awx,12000
easzlab,kubeasz,http://github.com/easzlab/kubeasz,8900
geerlingguy,ansible-for-devops,http://github.com/geerlingguy/ansible-for-devops,6700
khuedoan,homelab,http://github.com/khuedoan/homelab,6700
Tikam02,DevOps-Guide,http://github.com/Tikam02/DevOps-Guide,6400
ansible-semaphore,semaphore,http://github.com/ansible-semaphore/semaphore,5800
geerlingguy,mac-dev-playbook,http://github.com/geerlingguy/mac-dev-playbook,5200
rundeck,rundeck,http://github.com/rundeck/rundeck,4900
KubeOperator,KubeOperator,http://github.com/KubeOperator/KubeOperator,4600
clong,DetectionLab,http://github.com/clong/DetectionLab,4100
netbootxyz,netboot.xyz,http://github.com/netbootxyz/netboot.xyz,3900
litmuschaos,litmus,http://github.com/litmuschaos/litmus,3500
ansible-community,molecule,http://github.com/ansible-community/molecule,3500
opendevops-cn,opendevops,http://github.com/opendevops-cn/opendevops,3400
