User Name,Repository Name,Repository Url,Stars
public-apis,public-apis,http://github.com/public-apis/public-apis,230000
neovim,neovim,http://github.com/neovim/neovim,63300
tiangolo,fastapi,http://github.com/tiangolo/fastapi,55300
strapi,strapi,http://github.com/strapi/strapi,52400
hoppscotch,hoppscotch,http://github.com/hoppscotch/hoppscotch,50400
ocornut,imgui,http://github.com/ocornut/imgui,45900
slatedocs,slate,http://github.com/slatedocs/slate,35000
meilisearch,meilisearch,http://github.com/meilisearch/meilisearch,34500
hasura,graphql-engine,http://github.com/hasura/graphql-engine,29400
ccxt,ccxt,http://github.com/ccxt/ccxt,27500
Binaryify,NeteaseCloudMusicApi,http://github.com/Binaryify/NeteaseCloudMusicApi,27200
Kong,insomnia,http://github.com/Kong/insomnia,27000
httpie,httpie,http://github.com/httpie/httpie,26700
YMFE,yapi,http://github.com/YMFE/yapi,25800
encode,django-rest-framework,http://github.com/encode/django-rest-framework,25100
littlecodersh,ItChat,http://github.com/littlecodersh/ItChat,23200
trpc,trpc,http://github.com/trpc/trpc,22700
paularmstrong,normalizr,http://github.com/paularmstrong/normalizr,21000
microsoft,api-guidelines,http://github.com/microsoft/api-guidelines,20900
FallibleInc,security-guide-for-developers,http://github.com/FallibleInc/security-guide-for-developers,20600
