User Name,Repository Name,Repository Url,Stars
arendst,Tasmota,http://github.com/arendst/Tasmota,19400
MarlinFirmware,Marlin,http://github.com/MarlinFirmware/Marlin,14500
arduino,Arduino,http://github.com/arduino/Arduino,13400
rwaldron,johnny-five,http://github.com/rwaldron/johnny-five,12900
tinygo-org,tinygo,http://github.com/tinygo-org/tinygo,12400
SpacehuhnTech,esp8266_deauther,http://github.com/SpacehuhnTech/esp8266_deauther,11400
espressif,arduino-esp32,http://github.com/espressif/arduino-esp32,10300
gurugio,lowlevelprogramming-university,http://github.com/gurugio/lowlevelprogramming-university,8300
hybridgroup,gobot,http://github.com/hybridgroup/gobot,8100
platformio,platformio-core,http://github.com/platformio/platformio-core,6700
bblanchon,ArduinoJson,http://github.com/bblanchon/ArduinoJson,6100
tzapu,WiFiManager,http://github.com/tzapu/WiFiManager,5700
hybridgroup,cylon,http://github.com/hybridgroup/cylon,4000
Arduino-IRremote,Arduino-IRremote,http://github.com/Arduino-IRremote/Arduino-IRremote,3900
arduino,arduino-cli,http://github.com/arduino/arduino-cli,3800
olikraus,u8g2,http://github.com/olikraus/u8g2,3700
blynkkk,blynk-library,http://github.com/blynkkk/blynk-library,3600
NerdLang,nerd,http://github.com/NerdLang/nerd,3400
ClemensElflein,OpenMower,http://github.com/ClemensElflein/OpenMower,3400
Serial-Studio,Serial-Studio,http://github.com/Serial-Studio/Serial-Studio,3100
