User Name,Repository Name,Repository Url,Stars
bitwarden,server,http://github.com/bitwarden/server,12100
dotnet,AspNetCore.Docs,http://github.com/dotnet/AspNetCore.Docs,11400
aspnetboilerplate,aspnetboilerplate,http://github.com/aspnetboilerplate/aspnetboilerplate,10900
abpframework,abp,http://github.com/abpframework/abp,9600
nopSolutions,nopCommerce,http://github.com/nopSolutions/nopCommerce,8000
ElectronNET,Electron.NET,http://github.com/ElectronNET/Electron.NET,6600
thangchung,clean-code-dotnet,http://github.com/thangchung/clean-code-dotnet,5900
RicoSuter,NSwag,http://github.com/RicoSuter/NSwag,5700
dotnet,aspnet-api-versioning,http://github.com/dotnet/aspnet-api-versioning,2700
FastEndpoints,FastEndpoints,http://github.com/FastEndpoints/FastEndpoints,2600
smartstore,SmartStoreNET,http://github.com/smartstore/SmartStoreNET,2600
JimBobSquarePants,ImageProcessor,http://github.com/JimBobSquarePants/ImageProcessor,2500
serenity-is,Serenity,http://github.com/serenity-is/Serenity,2300
loic-sharma,BaGet,http://github.com/loic-sharma/BaGet,2300
mjebrahimi,Awesome-Microservices-DotNet,http://github.com/mjebrahimi/Awesome-Microservices-DotNet,2200
TrilonIO,aspnetcore-angular-universal,http://github.com/TrilonIO/aspnetcore-angular-universal,1500
TrilonIO,aspnetcore-Vue-starter,http://github.com/TrilonIO/aspnetcore-Vue-starter,1200
MarimerLLC,csla,http://github.com/MarimerLLC/csla,1100
antonioCoco,SharPyShell,http://github.com/antonioCoco/SharPyShell,763
riganti,dotvvm,http://github.com/riganti/dotvvm,666
