User Name,Repository Name,Repository Url,Stars
atom,atom,http://github.com/atom/atom,59200
themerdev,themer,http://github.com/themerdev/themer,5100
miniflux,v2,http://github.com/miniflux/v2,4900
shd101wyy,markdown-preview-enhanced,http://github.com/shd101wyy/markdown-preview-enhanced,3900
nteract,hydrogen,http://github.com/nteract/hydrogen,3800
atom,teletype,http://github.com/atom/teletype,2400
mmcdole,gofeed,http://github.com/mmcdole/gofeed,2100
NaiboWang,CommandlineConfig,http://github.com/NaiboWang/CommandlineConfig,2000
mehcode,awesome-atom,http://github.com/mehcode/awesome-atom,1900
kurtmckee,feedparser,http://github.com/kurtmckee/feedparser,1600
joefitzgerald,go-plus,http://github.com/joefitzgerald/go-plus,1500
Glavin001,atom-beautify,http://github.com/Glavin001/atom-beautify,1500
simplepie,simplepie,http://github.com/simplepie/simplepie,1500
ocaml,merlin,http://github.com/ocaml/merlin,1500
t9md,atom-vim-mode-plus,http://github.com/t9md/atom-vim-mode-plus,1400
MagicStack,MagicPython,http://github.com/MagicStack/MagicPython,1400
feeddd,feeds,http://github.com/feeddd/feeds,1300
atom,apm,http://github.com/atom/apm,1300
file-icons,atom,http://github.com/file-icons/atom,1200
fwcd,kotlin-language-server,http://github.com/fwcd/kotlin-language-server,1200
