User Name,Repository Name,Repository Url,Stars
sindresorhus,awesome,http://github.com/sindresorhus/awesome,243000
vinta,awesome-python,http://github.com/vinta/awesome-python,159000
awesome-selfhosted,awesome-selfhosted,http://github.com/awesome-selfhosted/awesome-selfhosted,123000
avelino,awesome-go,http://github.com/avelino/awesome-go,97800
trimstray,the-book-of-secret-knowledge,http://github.com/trimstray/the-book-of-secret-knowledge,92000
papers-we-love,papers-we-love,http://github.com/papers-we-love/papers-we-love,70300
521xueweihan,HelloGitHub,http://github.com/521xueweihan/HelloGitHub,65900
Hack-with-Github,Awesome-Hacking,http://github.com/Hack-with-Github/Awesome-Hacking,62400
jaywcjlove,awesome-mac,http://github.com/jaywcjlove/awesome-mac,58500
DopplerHQ,awesome-interview-questions,http://github.com/DopplerHQ/awesome-interview-questions,54000
sindresorhus,awesome-nodejs,http://github.com/sindresorhus/awesome-nodejs,50100
MunGell,awesome-for-beginners,http://github.com/MunGell/awesome-for-beginners,49100
prakhar1989,awesome-courses,http://github.com/prakhar1989/awesome-courses,46000
Solido,awesome-flutter,http://github.com/Solido/awesome-flutter,45700
wasabeef,awesome-android-ui,http://github.com/wasabeef/awesome-android-ui,45700
fffaraz,awesome-cpp,http://github.com/fffaraz/awesome-cpp,44500
binhnguyennus,awesome-scalability,http://github.com/binhnguyennus/awesome-scalability,44000
vsouza,awesome-ios,http://github.com/vsouza/awesome-ios,42200
tiimgreen,github-cheat-sheet,http://github.com/tiimgreen/github-cheat-sheet,40100
dypsilon,frontend-dev-bookmarks,http://github.com/dypsilon/frontend-dev-bookmarks,37700
