User Name,Repository Name,Repository Url,Stars
bregman-arie,devops-exercises,http://github.com/bregman-arie/devops-exercises,41300
pulumi,pulumi,http://github.com/pulumi/pulumi,15300
microsoft,recommenders,http://github.com/microsoft/recommenders,15200
ramitsurana,awesome-kubernetes,http://github.com/ramitsurana/awesome-kubernetes,13700
Azure,azure-quickstart-templates,http://github.com/Azure/azure-quickstart-templates,12700
mozilla,sops,http://github.com/mozilla/sops,12200
caprover,caprover,http://github.com/caprover/caprover,10100
google,go-cloud,http://github.com/google/go-cloud,8900
microsoft,computervision-recipes,http://github.com/microsoft/computervision-recipes,8900
infracost,infracost,http://github.com/infracost/infracost,8800
prowler-cloud,prowler,http://github.com/prowler-cloud/prowler,7900
microsoft,azuredatastudio,http://github.com/microsoft/azuredatastudio,7100
node-formidable,formidable,http://github.com/node-formidable/formidable,6600
midwayjs,midway,http://github.com/midwayjs/midway,6500
Netflix,metaflow,http://github.com/Netflix/metaflow,6500
thangchung,clean-code-dotnet,http://github.com/thangchung/clean-code-dotnet,5900
aquasecurity,tfsec,http://github.com/aquasecurity/tfsec,5700
budtmo,docker-android,http://github.com/budtmo/docker-android,5500
bridgecrewio,checkov,http://github.com/bridgecrewio/checkov,5400
nccgroup,ScoutSuite,http://github.com/nccgroup/ScoutSuite,5200
