User Name,Repository Name,Repository Url,Stars
babel,babel,http://github.com/babel/babel,42000
swc-project,swc,http://github.com/swc-project/swc,26500
nylas,nylas-mail,http://github.com/nylas/nylas-mail,24700
electron-react-boilerplate,electron-react-boilerplate,http://github.com/electron-react-boilerplate/electron-react-boilerplate,21000
avajs,ava,http://github.com/avajs/ava,20300
SimulatedGREG,electron-vue,http://github.com/SimulatedGREG/electron-vue,15200
grab,front-end-guide,http://github.com/grab/front-end-guide,14800
jamiebuilds,babel-handbook,http://github.com/jamiebuilds/babel-handbook,11600
grommet,grommet,http://github.com/grommet/grommet,8200
developit,htm,http://github.com/developit/htm,8100
ben-rogerson,twin.macro,http://github.com/ben-rogerson/twin.macro,7000
angular-fullstack,generator-angular-fullstack,http://github.com/angular-fullstack/generator-angular-fullstack,6100
documentationjs,documentation,http://github.com/documentationjs/documentation,5700
insin,nwb,http://github.com/insin/nwb,5500
fkling,astexplorer,http://github.com/fkling/astexplorer,5300
thinkjs,thinkjs,http://github.com/thinkjs/thinkjs,5300
egoist,poi,http://github.com/egoist/poi,5300
transitive-bullshit,create-react-library,http://github.com/transitive-bullshit/create-react-library,4800
duxianwei520,react,http://github.com/duxianwei520/react,4700
babel,babel-loader,http://github.com/babel/babel-loader,4700
