User Name,Repository Name,Repository Url,Stars
jlevy,the-art-of-command-line,http://github.com/jlevy/the-art-of-command-line,132000
nvm-sh,nvm,http://github.com/nvm-sh/nvm,65400
junegunn,fzf,http://github.com/junegunn/fzf,50300
google,zx,http://github.com/google/zx,36600
starship,starship,http://github.com/starship/starship,33100
dylanaraps,pure-bash-bible,http://github.com/dylanaraps/pure-bash-bible,33100
LeCoupa,awesome-cheatsheets,http://github.com/LeCoupa/awesome-cheatsheets,32700
koalaman,shellcheck,http://github.com/koalaman/shellcheck,31600
acmesh-official,acme.sh,http://github.com/acmesh-official/acme.sh,30600
mathiasbynens,dotfiles,http://github.com/mathiasbynens/dotfiles,28800
alebcay,awesome-shell,http://github.com/alebcay/awesome-shell,26800
jaywcjlove,linux-command,http://github.com/jaywcjlove/linux-command,23200
withfig,autocomplete,http://github.com/withfig/autocomplete,21600
dylanaraps,neofetch,http://github.com/dylanaraps/neofetch,17500
Nyr,openvpn-install,http://github.com/Nyr/openvpn-install,16700
rbenv,rbenv,http://github.com/rbenv/rbenv,14900
faressoft,terminalizer,http://github.com/faressoft/terminalizer,13800
shelljs,shelljs,http://github.com/shelljs/shelljs,13700
powerline,powerline,http://github.com/powerline/powerline,13700
Bash-it,bash-it,http://github.com/Bash-it/bash-it,13400
