User Name,Repository Name,Repository Url,Stars
bitcoin,bitcoin,http://github.com/bitcoin/bitcoin,68600
ccxt,ccxt,http://github.com/ccxt/ccxt,27500
freqtrade,freqtrade,http://github.com/freqtrade/freqtrade,21000
HelloZeroNet,ZeroNet,http://github.com/HelloZeroNet/ZeroNet,17800
solana-labs,solana,http://github.com/solana-labs/solana,10100
askmike,gekko,http://github.com/askmike/gekko,9900
bbfamily,abu,http://github.com/bbfamily/abu,9700
dvf,blockchain,http://github.com/dvf/blockchain,7300
lbryio,lbry-sdk,http://github.com/lbryio/lbry-sdk,7200
lightningnetwork,lnd,http://github.com/lightningnetwork/lnd,6800
yeasy,blockchain_guide,http://github.com/yeasy/blockchain_guide,6400
spesmilo,electrum,http://github.com/spesmilo/electrum,6200
butor,blackbird,http://github.com/butor/blackbird,5700
btcsuite,btcd,http://github.com/btcsuite/btcd,5200
bitcoinjs,bitcoinjs-lib,http://github.com/bitcoinjs/bitcoinjs-lib,4900
bitcoinj,bitcoinj,http://github.com/bitcoinj/bitcoinj,4500
jesse-ai,jesse,http://github.com/jesse-ai/jesse,4500
btcpayserver,btcpayserver,http://github.com/btcpayserver/btcpayserver,4500
CryptoSignal,Crypto-Signal,http://github.com/CryptoSignal/Crypto-Signal,4300
bisq-network,bisq,http://github.com/bisq-network/bisq,4300
