User Name,Repository Name,Repository Url,Stars
twbs,bootstrap,http://github.com/twbs/bootstrap,162000
ColorlibHQ,AdminLTE,http://github.com/ColorlibHQ/AdminLTE,42200
tabler,tabler,http://github.com/tabler/tabler,33300
mdbootstrap,mdb-ui-kit,http://github.com/mdbootstrap/mdb-ui-kit,23100
react-bootstrap,react-bootstrap,http://github.com/react-bootstrap/react-bootstrap,21600
ColorlibHQ,gentelella,http://github.com/ColorlibHQ/gentelella,20700
verekia,js-stack-from-scratch,http://github.com/verekia/js-stack-from-scratch,19800
bootstrap-vue,bootstrap-vue,http://github.com/bootstrap-vue/bootstrap-vue,14200
thomaspark,bootswatch,http://github.com/thomaspark/bootswatch,14000
selectize,selectize.js,http://github.com/selectize/selectize.js,12900
uxsolutions,bootstrap-datepicker,http://github.com/uxsolutions/bootstrap-datepicker,12600
coreui,coreui-free-bootstrap-admin-template,http://github.com/coreui/coreui-free-bootstrap-admin-template,11500
wenzhixin,bootstrap-table,http://github.com/wenzhixin/bootstrap-table,11500
Templarian,MaterialDesign,http://github.com/Templarian/MaterialDesign,10500
reactstrap,reactstrap,http://github.com/reactstrap/reactstrap,10500
snapappointments,bootstrap-select,http://github.com/snapappointments/bootstrap-select,9700
mdbootstrap,material-design-for-bootstrap,http://github.com/mdbootstrap/material-design-for-bootstrap,9400
StartBootstrap,startbootstrap-sb-admin-2,http://github.com/StartBootstrap/startbootstrap-sb-admin-2,9400
ng-bootstrap,ng-bootstrap,http://github.com/ng-bootstrap/ng-bootstrap,8100
BlackrockDigital,startbootstrap,http://github.com/BlackrockDigital/startbootstrap,7200
