User Name,Repository Name,Repository Url,Stars
ccxt,ccxt,http://github.com/ccxt/ccxt,27500
discordjs,discord.js,http://github.com/discordjs/discord.js,22000
python-telegram-bot,python-telegram-bot,http://github.com/python-telegram-bot/python-telegram-bot,21300
hubotio,hubot,http://github.com/hubotio/hubot,16400
RasaHQ,rasa,http://github.com/RasaHQ/rasa,15800
wechaty,wechaty,http://github.com/wechaty/wechaty,15300
InstaPy,InstaPy,http://github.com/InstaPy/InstaPy,15100
gunthercox,ChatterBot,http://github.com/gunthercox/ChatterBot,13000
tgbot-collection,YYeTsBot,http://github.com/tgbot-collection/YYeTsBot,12600
Rapptz,discord.py,http://github.com/Rapptz/discord.py,12400
leon-ai,leon,http://github.com/leon-ai/leon,12100
howdyai,botkit,http://github.com/howdyai/botkit,11000
botpress,botpress,http://github.com/botpress/botpress,10100
pedroslopez,whatsapp-web.js,http://github.com/pedroslopez/whatsapp-web.js,9500
sfyc23,EverydayWechat,http://github.com/sfyc23/EverydayWechat,9400
Mrs4s,go-cqhttp,http://github.com/Mrs4s/go-cqhttp,7300
microsoft,ailab,http://github.com/microsoft/ailab,7300
microsoft,botframework-sdk,http://github.com/microsoft/botframework-sdk,7000
yagop,node-telegram-bot-api,http://github.com/yagop/node-telegram-bot-api,6900
EZFNDEV,EZFN-Lobbybot,http://github.com/EZFNDEV/EZFN-Lobbybot,6900
