User Name,Repository Name,Repository Url,Stars
CyC2018,CS-Notes,http://github.com/CyC2018/CS-Notes,162000
practical-tutorials,project-based-learning,http://github.com/practical-tutorials/project-based-learning,93900
azl397985856,leetcode,http://github.com/azl397985856/leetcode,50700
fffaraz,awesome-cpp,http://github.com/fffaraz/awesome-cpp,44500
x64dbg,x64dbg,http://github.com/x64dbg/x64dbg,40100
youngyangyang04,leetcode-master,http://github.com/youngyangyang04/leetcode-master,36300
carbon-language,carbon-lang,http://github.com/carbon-language/carbon-lang,29900
huihut,interview,http://github.com/huihut/interview,27900
microsoft,calculator,http://github.com/microsoft/calculator,26800
CMU-Perceptual-Computing-Lab,openpose,http://github.com/CMU-Perceptual-Computing-Lab/openpose,26300
yuzu-emu,yuzu,http://github.com/yuzu-emu/yuzu,24300
TheAlgorithms,C-Plus-Plus,http://github.com/TheAlgorithms/C-Plus-Plus,23600
doocs,leetcode,http://github.com/doocs/leetcode,21400
changkun,modern-cpp-tutorial,http://github.com/changkun/modern-cpp-tutorial,20200
ethereum,solidity,http://github.com/ethereum/solidity,19700
microsoft,vcpkg,http://github.com/microsoft/vcpkg,18100
dragonflydb,dragonfly,http://github.com/dragonflydb/dragonfly,17200
gabime,spdlog,http://github.com/gabime/spdlog,17200
catchorg,Catch2,http://github.com/catchorg/Catch2,16300
ssloy,tinyrenderer,http://github.com/ssloy/tinyrenderer,16300
