User Name,Repository Name,Repository Url,Stars
Genymobile,scrcpy,http://github.com/Genymobile/scrcpy,77700
neovim,neovim,http://github.com/neovim/neovim,63300
obsproject,obs-studio,http://github.com/obsproject/obs-studio,46200
git,git,http://github.com/git/git,45500
fffaraz,awesome-cpp,http://github.com/fffaraz/awesome-cpp,44500
FFmpeg,FFmpeg,http://github.com/FFmpeg/FFmpeg,34700
serhii-londar,open-source-mac-os-apps,http://github.com/serhii-londar/open-source-mac-os-apps,34500
vim,vim,http://github.com/vim/vim,29800
curl,curl,http://github.com/curl/curl,28700
huihut,interview,http://github.com/huihut/interview,27900
ggreer,the_silver_searcher,http://github.com/ggreer/the_silver_searcher,24700
pbatard,rufus,http://github.com/pbatard/rufus,22000
mpv-player,mpv,http://github.com/mpv-player/mpv,21700
ossrs,srs,http://github.com/ossrs/srs,21000
ruby,ruby,http://github.com/ruby/ruby,20100
google,flatbuffers,http://github.com/google/flatbuffers,20000
oracle,graal,http://github.com/oracle/graal,18300
microsoft,vcpkg,http://github.com/microsoft/vcpkg,18100
kovidgoyal,kitty,http://github.com/kovidgoyal/kitty,18000
radareorg,radare2,http://github.com/radareorg/radare2,17700
