User Name,Repository Name,Repository Url,Stars
iamadamdev,bypass-paywalls-chrome,http://github.com/iamadamdev/bypass-paywalls-chrome,34200
jaywcjlove,linux-command,http://github.com/jaywcjlove/linux-command,23200
refined-github,refined-github,http://github.com/refined-github/refined-github,20500
darkreader,darkreader,http://github.com/darkreader/darkreader,16200
checkly,headless-recorder,http://github.com/checkly/headless-recorder,14700
unbug,codelf,http://github.com/unbug/codelf,13500
dailydotdev,daily,http://github.com/dailydotdev/daily,11900
wong2,chatgpt-google-extension,http://github.com/wong2/chatgpt-google-extension,11600
Anarios,return-youtube-dislike,http://github.com/Anarios/return-youtube-dislike,10800
gildas-lormeau,SingleFile,http://github.com/gildas-lormeau/SingleFile,10500
crimx,ext-saladict,http://github.com/crimx/ext-saladict,10400
listen1,listen1_chrome_extension,http://github.com/listen1/listen1_chrome_extension,9800
appbaseio,dejavu,http://github.com/appbaseio/dejavu,8100
alyssaxuu,screenity,http://github.com/alyssaxuu/screenity,8000
Kenshin,simpread,http://github.com/Kenshin/simpread,6900
ajayyy,SponsorBlock,http://github.com/ajayyy/SponsorBlock,6500
AutomaApp,automa,http://github.com/AutomaApp/automa,6500
alyssaxuu,omni,http://github.com/alyssaxuu/omni,6100
yetone,openai-translator,http://github.com/yetone/openai-translator,5800
dessant,buster,http://github.com/dessant/buster,5700
