User Name,Repository Name,Repository Url,Stars
electron,electron,http://github.com/electron/electron,106000
puppeteer,puppeteer,http://github.com/puppeteer/puppeteer,82200
microsoft,playwright,http://github.com/microsoft/playwright,48500
FiloSottile,mkcert,http://github.com/FiloSottile/mkcert,40000
iamadamdev,bypass-paywalls-chrome,http://github.com/iamadamdev/bypass-paywalls-chrome,34200
jaywcjlove,linux-command,http://github.com/jaywcjlove/linux-command,23200
ovity,octotree,http://github.com/ovity/octotree,22400
segmentio,nightmare,http://github.com/segmentio/nightmare,19300
checkly,headless-recorder,http://github.com/checkly/headless-recorder,14700
google,WebFundamentals,http://github.com/google/WebFundamentals,13700
prisma-archive,chromeless,http://github.com/prisma-archive/chromeless,13200
GoogleChrome,chrome-extensions-samples,http://github.com/GoogleChrome/chrome-extensions-samples,11800
casesandberg,react-color,http://github.com/casesandberg/react-color,11300
gildas-lormeau,SingleFile,http://github.com/gildas-lormeau/SingleFile,10500
crimx,ext-saladict,http://github.com/crimx/ext-saladict,10400
MetaMask,metamask-extension,http://github.com/MetaMask/metamask-extension,9500
chromedp,chromedp,http://github.com/chromedp/chromedp,8700
uBlock-LLC,uBlock,http://github.com/uBlock-LLC/uBlock,8100
moonD4rk,HackBrowserData,http://github.com/moonD4rk/HackBrowserData,7100
Kenshin,simpread,http://github.com/Kenshin/simpread,6900
