User Name,Repository Name,Repository Url,Stars
metabase,metabase,http://github.com/metabase/metabase,31700
penpot,penpot,http://github.com/penpot/penpot,21100
logseq,logseq,http://github.com/logseq/logseq,21000
deeplearning4j,deeplearning4j,http://github.com/deeplearning4j/deeplearning4j,12800
LightTable,LightTable,http://github.com/LightTable/LightTable,11700
kanaka,mal,http://github.com/kanaka/mal,9200
lk-geimfari,awesomo,http://github.com/lk-geimfari/awesomo,8800
tonsky,datascript,http://github.com/tonsky/datascript,5100
reagent-project,reagent,http://github.com/reagent-project/reagent,4600
riemann,riemann,http://github.com/riemann/riemann,4200
weavejester,compojure,http://github.com/weavejester/compojure,4000
izhangzhihao,intellij-rainbow-brackets,http://github.com/izhangzhihao/intellij-rainbow-brackets,3900
bbatsov,clojure-style-guide,http://github.com/bbatsov/clojure-style-guide,3900
status-im,status-mobile,http://github.com/status-im/status-mobile,3600
ring-clojure,ring,http://github.com/ring-clojure/ring,3600
clojure-emacs,cider,http://github.com/clojure-emacs/cider,3400
babashka,babashka,http://github.com/babashka/babashka,3200
viebel,klipse,http://github.com/viebel/klipse,3000
tallesl,Rich-Hickey-fanclub,http://github.com/tallesl/Rich-Hickey-fanclub,2900
bhauman,lein-figwheel,http://github.com/bhauman/lein-figwheel,2900
