User Name,Repository Name,Repository Url,Stars
realm,SwiftLint,http://github.com/realm/SwiftLint,17100
facebook,infer,http://github.com/facebook/infer,13900
analysis-tools-dev,static-analysis,http://github.com/analysis-tools-dev/static-analysis,11000
Kristories,awesome-guidelines,http://github.com/Kristories/awesome-guidelines,8600
checkstyle,checkstyle,http://github.com/checkstyle/checkstyle,7600
SonarSource,sonarqube,http://github.com/SonarSource/sonarqube,7600
facebook,pyre-check,http://github.com/facebook/pyre-check,6300
reviewdog,reviewdog,http://github.com/reviewdog/reviewdog,6100
detekt,detekt,http://github.com/detekt/detekt,5200
import-js,eslint-plugin-import,http://github.com/import-js/eslint-plugin-import,4600
simplecov-ruby,simplecov,http://github.com/simplecov-ruby/simplecov,4600
PyCQA,pylint,http://github.com/PyCQA/pylint,4600
pmd,pmd,http://github.com/pmd/pmd,4200
trekhleb,state-of-the-art-shitcode,http://github.com/trekhleb/state-of-the-art-shitcode,4000
phpro,grumphp,http://github.com/phpro/grumphp,3900
kucherenko,jscpd,http://github.com/kucherenko/jscpd,3000
htmlhint,HTMLHint,http://github.com/htmlhint/HTMLHint,2900
codeclimate,codeclimate,http://github.com/codeclimate/codeclimate,2400
wemake-services,wemake-python-styleguide,http://github.com/wemake-services/wemake-python-styleguide,2200
uber,piranha,http://github.com/uber/piranha,2000
