User Name,Repository Name,Repository Url,Stars
ovity,octotree,http://github.com/ovity/octotree,22400
gitpod-io,gitpod,http://github.com/gitpod-io/gitpod,10400
reviewdog,reviewdog,http://github.com/reviewdog/reviewdog,6100
danger,danger,http://github.com/danger/danger,5100
danger,danger-js,http://github.com/danger/danger-js,4900
joho,awesome-code-review,http://github.com/joho/awesome-code-review,3800
ajinabraham,nodejsscan,http://github.com/ajinabraham/nodejsscan,2100
microsoft,vscode-pull-request-github,http://github.com/microsoft/vscode-pull-request-github,2000
houndci,hound,http://github.com/houndci/hound,1900
mbj,mutant,http://github.com/mbj/mutant,1900
crev-dev,cargo-crev,http://github.com/crev-dev/cargo-crev,1800
reviewboard,reviewboard,http://github.com/reviewboard/reviewboard,1500
Tencent,CodeAnalysis,http://github.com/Tencent/CodeAnalysis,1400
ryanmcdermott,code-review-tips,http://github.com/ryanmcdermott/code-review-tips,1300
bit4woo,python_sec,http://github.com/bit4woo/python_sec,1200
code-review-checklists,java-concurrency,http://github.com/code-review-checklists/java-concurrency,1100
jiangsir404,Audit-Learning,http://github.com/jiangsir404/Audit-Learning,862
TeamCodeStream,codestream,http://github.com/TeamCodeStream/codestream,855
enlightn,enlightn,http://github.com/enlightn/enlightn,755
palantir,policy-bot,http://github.com/palantir/policy-bot,596
