User Name,Repository Name,Repository Url,Stars
ohmyzsh,ohmyzsh,http://github.com/ohmyzsh/ohmyzsh,156000
junegunn,fzf,http://github.com/junegunn/fzf,50300
sharkdp,bat,http://github.com/sharkdp/bat,40000
sherlock-project,sherlock,http://github.com/sherlock-project/sherlock,39600
google,zx,http://github.com/google/zx,36600
BurntSushi,ripgrep,http://github.com/BurntSushi/ripgrep,36500
wagoodman,dive,http://github.com/wagoodman/dive,36000
chubin,cheat.sh,http://github.com/chubin/cheat.sh,34900
jesseduffield,lazygit,http://github.com/jesseduffield/lazygit,33200
cli,cli,http://github.com/cli/cli,31600
spf13,cobra,http://github.com/spf13/cobra,31000
n8n-io,n8n,http://github.com/n8n-io/n8n,28800
alebcay,awesome-shell,http://github.com/alebcay/awesome-shell,26800
httpie,httpie,http://github.com/httpie/httpie,26700
sharkdp,fd,http://github.com/sharkdp/fd,26700
ibraheemdev,modern-unix,http://github.com/ibraheemdev/modern-unix,26000
angular,angular-cli,http://github.com/angular/angular-cli,26000
tqdm,tqdm,http://github.com/tqdm/tqdm,24200
google,python-fire,http://github.com/google/python-fire,24100
vercel,pkg,http://github.com/vercel/pkg,22900
