User Name,Repository Name,Repository Url,Stars
vercel,next.js,http://github.com/vercel/next.js,102000
rust-lang,rust,http://github.com/rust-lang/rust,78800
sveltejs,svelte,http://github.com/sveltejs/svelte,66200
webpack,webpack,http://github.com/webpack/webpack,62700
gatsbyjs,gatsby,http://github.com/gatsbyjs/gatsby,54200
JetBrains,kotlin,http://github.com/JetBrains/kotlin,44100
parcel-bundler,parcel,http://github.com/parcel-bundler/parcel,42100
babel,babel,http://github.com/babel/babel,42000
evanw,esbuild,http://github.com/evanw/esbuild,34800
vlang,v,http://github.com/vlang/v,32900
carbon-language,carbon-lang,http://github.com/carbon-language/carbon-lang,29900
markedjs,marked,http://github.com/markedjs/marked,29200
swc-project,swc,http://github.com/swc-project/swc,26500
vercel,pkg,http://github.com/vercel/pkg,22900
v8,v8,http://github.com/v8/v8,20900
ziglang,zig,http://github.com/ziglang/zig,20400
AssemblyScript,assemblyscript,http://github.com/AssemblyScript/assemblyscript,15300
nim-lang,Nim,http://github.com/nim-lang/Nim,14700
RustPython,RustPython,http://github.com/RustPython/RustPython,14400
Konloch,bytecode-viewer,http://github.com/Konloch/bytecode-viewer,13600
