User Name,Repository Name,Repository Url,Stars
localstack,localstack,http://github.com/localstack/localstack,46200
harness,drone,http://github.com/harness/drone,26600
jenkinsci,jenkins,http://github.com/jenkinsci/jenkins,20400
auchenberg,volkswagen,http://github.com/auchenberg/volkswagen,12600
theonedev,onedev,http://github.com/theonedev/onedev,10900
openshift,origin,http://github.com/openshift/origin,8300
dagger,dagger,http://github.com/dagger/dagger,7800
concourse,concourse,http://github.com/concourse/concourse,6800
gocd,gocd,http://github.com/gocd/gocd,6700
buildbot,buildbot,http://github.com/buildbot/buildbot,5000
gaia-pipeline,gaia,http://github.com/gaia-pipeline/gaia,5000
Strider-CD,strider,http://github.com/Strider-CD/strider,4600
milanm,DevOps-Roadmap,http://github.com/milanm/DevOps-Roadmap,4400
jenkins-x,jx,http://github.com/jenkins-x/jx,4300
ovh,cds,http://github.com/ovh/cds,4100
xcpretty,xcpretty,http://github.com/xcpretty/xcpretty,3800
hygieia,hygieia,http://github.com/hygieia/hygieia,3700
iterative,cml,http://github.com/iterative/cml,3700
werf,werf,http://github.com/werf/werf,3600
cake-build,cake,http://github.com/cake-build/cake,3500
