User Name,Repository Name,Repository Url,Stars
CSSEGISandData,COVID-19,http://github.com/CSSEGISandData/COVID-19,29300
nytimes,covid-19-data,http://github.com/nytimes/covid-19-data,6900
covid19india,covid19india-react,http://github.com/covid19india/covid19india-react,6900
tokyo-metropolitan-gov,covid19,http://github.com/tokyo-metropolitan-gov/covid19,6300
owid,covid-19-data,http://github.com/owid/covid-19-data,5600
pcm-dpc,COVID-19,http://github.com/pcm-dpc/COVID-19,3900
ieee8023,covid-chestxray-dataset,http://github.com/ieee8023/covid-chestxray-dataset,2900
disease-sh,API,http://github.com/disease-sh/API,2400
geohot,corona,http://github.com/geohot/corona,2400
WorldHealthOrganization,app,http://github.com/WorldHealthOrganization/app,2100
corona-warn-app,cwa-server,http://github.com/corona-warn-app/cwa-server,1900
ahmadawais,corona-cli,http://github.com/ahmadawais/corona-cli,1900
github,covid19-dashboard,http://github.com/github/covid19-dashboard,1600
ExpDev07,coronavirus-tracker-api,http://github.com/ExpDev07/coronavirus-tracker-api,1600
soroushchehresa,awesome-coronavirus,http://github.com/soroushchehresa/awesome-coronavirus,1500
mhdhejazi,CoronaTracker,http://github.com/mhdhejazi/CoronaTracker,1500
chandrikadeb7,Face-Mask-Detection,http://github.com/chandrikadeb7/Face-Mask-Detection,1400
neherlab,covid19_scenarios,http://github.com/neherlab/covid19_scenarios,1400
chrismattmann,tika-python,http://github.com/chrismattmann/tika-python,1200
pomber,covid19,http://github.com/pomber/covid19,1200
